-- Вставка данных в таблицу employees (сотрудники)
INSERT INTO restaurant.employees (position_id, first_name, last_name, phone_number)
VALUES 
        (1, 'Иван', 'Иванов', '79001234567'), (2, 'Петр', 'Петров', '79009876543'), (3, 'Анна', 'Смирнова', '79001112233'), 
        (4, 'Мария', 'Кузнецова', '79009998877'), (5, 'Сергей', 'Соколов', '79001234456'), (6, 'Ольга', 'Морозова', '79001231234'), 
        (7, 'Владимир', 'Васильев', '79007775544'), (8, 'Екатерина', 'Федорова', '79001221122'), (9, 'Алексей', 'Николаев', '79001230012'), 
        (10, 'Светлана', 'Попова', '79001110010'), (11, 'Андрей', 'Лебедев', '79006665533'), (12, 'Елена', 'Козлова', '79005554422'), 
        (13, 'Дмитрий', 'Новиков', '79004443322'), (14, 'Юлия', 'Михайлова', '79002221133'), (15, 'Роман', 'Орлов', '79001112255'), 
        (16, 'Полина', 'Гусева', '79009997766'), (17, 'Михаил', 'Киселев', '79003334455'), (18, 'Наталья', 'Тарасова', '79005557788'), 
        (19, 'Александр', 'Белов', '79001237890'), (20, 'Людмила', 'Борисова', '79001234555'), (21, 'Максим', 'Волков', '79001112244'), 
        (22, 'Кирилл', 'Зайцев', '79009876511'), (23, 'Анастасия', 'Крылова', '79002221144'), (24, 'Татьяна', 'Дмитриева', '79009998899'), 
        (25, 'Григорий', 'Медведев', '79001237766'), (26, 'Инна', 'Антонова', '79001233445'), (27, 'Галина', 'Лазарева', '79001113355'), 
        (28, 'Евгений', 'Семенов', '79006667788'), (29, 'Софья', 'Матвеева', '79005556677'), (30, 'Виталий', 'Фролов', '79001230001');

-- Вставка данных в таблицу customers (клиенты)
INSERT INTO restaurant.customers (first_name, last_name, phone_number, email, discount)
VALUES 
        ('Александр', 'Григорьев', '79002229911', 'alex@mail.ru', 10), ('Марина', 'Романова', '79009998822', 'marina@gmail.com', 5), 
        ('Оксана', 'Сергеева', '79001118822', 'oksana@ya.ru', 15), ('Денис', 'Ильин', '79007773355', 'denis@mail.ru', 10), 
        ('Николай', 'Павлов', '79008882211', 'nikolay@gmail.com', 12), ('Вера', 'Тимофеева', '79001117799', 'vera@ya.ru', 5), 
        ('Ирина', 'Миронова', '79006665522', 'irina@mail.ru', 7), ('Олег', 'Беляев', '79003331188', 'oleg@gmail.com', 20), 
        ('Ольга', 'Андреева', '79001230077', 'olga@ya.ru', 10), ('Семен', 'Гаврилов', '79002229988', 'semen@mail.ru', 8), 
        ('Лидия', 'Петрова', '79001118833', 'lidia@gmail.com', 10), ('Игорь', 'Титов', '79007775588', 'igor@mail.ru', 15), 
        ('Валентина', 'Яковлева', '79006668833', 'valentina@ya.ru', 5), ('Макар', 'Борисов', '79005554488', 'makar@mail.ru', 10), 
        ('Эльвира', 'Логинова', '79002226611', 'elvira@gmail.com', 7), ('Даниил', 'Савельев', '79001113399', 'danil@ya.ru', 10), 
        ('Артур', 'Воронцов', '79008889922', 'artur@mail.ru', 15), ('Зинаида', 'Голубева', '79002220088', 'zinaida@ya.ru', 10), 
        ('Рита', 'Родионова', '79007774422', 'rita@gmail.com', 12), ('Никита', 'Тихонов', '79001230011', 'nikita@ya.ru', 8), 
        ('Лев', 'Федотов', '79001112277', 'lev@mail.ru', 7), ('Арина', 'Захарова', '79009993333', 'arina@gmail.com', 15), 
        ('Дмитрий', 'Чернов', '79002226622', 'dmitry@ya.ru', 10), ('Михаил', 'Александров', '79005557711', 'mikhail@mail.ru', 12), 
        ('Алина', 'Королева', '79003334499', 'alina@gmail.com', 10), ('Евгений', 'Ширяев', '79001232233', 'evgeniy@ya.ru', 20), 
        ('Павел', 'Кузьмин', '79002221155', 'pavel@mail.ru', 10), ('Дарья', 'Горшкова', '79008882244', 'darya@gmail.com', 5),
        ('Маргарита', 'Федорова', '79001114444', 'margarita@ya.ru', 10), ('Виктор', 'Соловьев', '79007773322', 'viktor@mail.ru', 15);

-- Вставка данных в таблицу transaction (транзакции)
INSERT INTO restaurant.transactions (transaction_type, created_at, price)
VALUES
        ('Оплата заказа', '2024-10-18 10:00:00', 1500.50), ('Оплата поставки', '2024-10-18 11:00:00', 3200.75), 
        ('Оплата зарплаты', '2024-10-18 12:00:00', 4000.00), ('Оплата заказа', '2024-10-18 13:00:00', 900.25), 
        ('Оплата поставки', '2024-10-18 14:00:00', 1200.50), ('Оплата зарплаты', '2024-10-18 15:00:00', 4500.75), 
        ('Оплата заказа', '2024-10-18 16:00:00', 700.00), ('Оплата поставки', '2024-10-18 17:00:00', 1300.75), 
        ('Оплата зарплаты', '2024-10-18 18:00:00', 3800.00), ('Оплата заказа', '2024-10-18 19:00:00', 600.50), 
        ('Оплата поставки', '2024-10-18 20:00:00', 1400.25), ('Оплата зарплаты', '2024-10-18 21:00:00', 4700.00), 
        ('Оплата заказа', '2024-10-18 22:00:00', 500.75), ('Оплата поставки', '2024-10-18 23:00:00', 1500.50), 
        ('Оплата зарплаты', '2024-10-19 00:00:00', 4900.75), ('Оплата заказа', '2024-10-19 01:00:00', 400.00), 
        ('Оплата поставки', '2024-10-19 02:00:00', 1600.75), ('Оплата зарплаты', '2024-10-19 03:00:00', 5100.00), 
        ('Оплата заказа', '2024-10-19 04:00:00', 300.50), ('Оплата поставки', '2024-10-19 05:00:00', 1700.25), 
        ('Оплата зарплаты', '2024-10-19 06:00:00', 5300.00), ('Оплата заказа', '2024-10-19 07:00:00', 200.75), 
        ('Оплата поставки', '2024-10-19 08:00:00', 1800.50), ('Оплата зарплаты', '2024-10-19 09:00:00', 5500.75), 
        ('Оплата заказа', '2024-10-19 10:00:00', 100.00), ('Оплата поставки', '2024-10-19 11:00:00', 1900.75), 
        ('Оплата зарплаты', '2024-10-19 12:00:00', 5700.00), ('Оплата заказа', '2024-10-19 13:00:00', 50.50), 
        ('Оплата поставки', '2024-10-19 14:00:00', 2000.25), ('Оплата зарплаты', '2024-10-19 15:00:00', 5900.00);


-- Вставка данных в таблицу orders (заказы)
INSERT INTO restauramt.orders (customer_id, employee_id, created_at, total_price)
VALUES 
        (1, 3, '2024-10-17 14:30:00', 750), (2, 4, '2024-10-17 15:00:00', 500), (3, 5, '2024-10-17 16:00:00', 300), (4, 6, '2024-10-17 17:30:00', 600),
        (5, 7, '2024-10-17 18:00:00', 1000), (6, 8, '2024-10-17 19:00:00', 850), (7, 9, '2024-10-17 20:30:00', 400), (8, 10, '2024-10-17 21:00:00', 900),
        (9, 11, '2024-10-17 22:00:00', 300), (10, 12, '2024-10-17 23:00:00', 750), (11, 13, '2024-10-18 10:00:00', 550), (12, 14, '2024-10-18 11:00:00', 700),
        (13, 15, '2024-10-18 12:30:00', 600), (14, 16, '2024-10-18 13:00:00', 900), (15, 17, '2024-10-18 14:00:00', 1000), (16, 18, '2024-10-18 15:00:00', 850),
        (17, 19, '2024-10-18 16:00:00', 400), (18, 20, '2024-10-18 17:00:00', 900), (19, 21, '2024-10-18 18:00:00', 300), (20, 22, '2024-10-18 19:00:00', 750),
        (21, 23, '2024-10-18 20:00:00', 550), (22, 24, '2024-10-18 21:00:00', 700), (23, 25, '2024-10-18 22:30:00', 600), (24, 26, '2024-10-18 23:00:00', 900),
        (25, 27, '2024-10-19 10:00:00', 1000), (26, 28, '2024-10-19 11:00:00', 850), (27, 29, '2024-10-19 12:00:00', 400), (28, 30, '2024-10-19 13:00:00', 900),
        (29, 1, '2024-10-19 14:00:00', 300), (30, 2, '2024-10-19 15:00:00', 750);

-- Вставка данных в таблицу dishes (блюда)
INSERT INTO restaurant.dishes (dish_name, price, description)
VALUES
        ('Борщ', 250, 'Традиционный борщ с говядиной и сметаной'), ('Цезарь с курицей', 300, 'Классический салат Цезарь с курицей'),
        ('Оливье', 200, 'Русский салат с варёной колбасой и овощами'), ('Пицца Маргарита', 400, 'Традиционная пицца с томатами и сыром'),
        ('Пельмени', 350, 'Русские пельмени с мясом'), ('Шашлык из свинины', 500, 'Шашлык с соусом и зеленью'),
        ('Том Ям', 450, 'Тайский суп с морепродуктами'), ('Картошка с грибами', 250, 'Жареная картошка с грибами'),
        ('Куриный суп', 200, 'Куриный суп с лапшой'), ('Паста Болоньезе', 350, 'Паста с мясным соусом Болоньезе'),
        ('Жареная рыба', 300, 'Жареная рыба с лимоном'), ('Солянка', 300, 'Суп с копчёностями и соленьями'),
        ('Греческий салат', 250, 'Салат с фетой и оливками'), ('Куриные крылья', 350, 'Крылья с острым соусом'),
        ('Бифштекс', 450, 'Говяжий бифштекс с гарниром'), ('Карпаччо', 500, 'Тонко нарезанное мясо с оливковым маслом'),
        ('Суши', 400, 'Классические суши с лососем'), ('Тартар из тунца', 450, 'Тартар с соусом и зеленью'),
        ('Морепродукты на гриле', 550, 'Ассорти морепродуктов на гриле'), ('Лазанья', 400, 'Классическая лазанья с мясом'),
        ('Чизбургер', 300, 'Чизбургер с картофелем фри'), ('Фалафель', 250, 'Блюдо из нута с пряными травами'),
        ('Сырники', 200, 'Сырники с вареньем'), ('Тирамису', 350, 'Классический итальянский десерт'),
        ('Плов', 300, 'Узбекский плов с бараниной'), ('Хачапури', 400, 'Хачапури с сыром'),
        ('Рататуй', 350, 'Овощное блюдо с томатами и кабачками'), ('Роллы Филадельфия', 450, 'Роллы с лососем и сливочным сыром'),
        ('Блины', 200, 'Русские блины с маслом'), ('Салат Винегрет', 250, 'Салат из свёклы, картофеля и моркови');

-- Вставка данных в таблицу products (продукты)
INSERT INTO restaurant.products (name, stock_quantity, okei_id, price_per_unit, date_of_production, date_of_expiry) 
VALUES 
        ('Мука', 100, 'кг', 30.00, '2024-01-01', '2024-12-31'), ('Сахар', 200, 'кг', 20.00, '2024-01-15', '2024-12-15'), 
        ('Яйца', 500, 'шт', 5.00, '2024-01-20', '2024-06-20'), ('Молоко', 150, 'л', 40.00, '2024-01-25', '2024-05-25'), 
        ('Куриное филе', 80, 'кг', 200.00, '2024-01-30', '2024-04-30'), ('Говядина', 60, 'кг', 300.00, '2024-01-05', '2024-05-05'), 
        ('Свинина', 90, 'кг', 250.00, '2024-01-10', '2024-05-10'), ('Картофель', 100, 'кг', 15.00, '2024-01-15', '2024-11-15'), 
        ('Морковь', 80, 'кг', 10.00, '2024-01-20', '2024-10-20'), ('Лук', 100, 'кг', 12.00, '2024-01-25', '2024-12-25'), 
        ('Помидоры', 150, 'кг', 25.00, '2024-02-01', '2024-05-01'), ('Огурцы', 100, 'кг', 20.00, '2024-02-05', '2024-06-05'), 
        ('Капуста', 80, 'кг', 8.00, '2024-02-10', '2024-09-10'), ('Перец', 70, 'кг', 30.00, '2024-02-15', '2024-08-15'), 
        ('Грибы', 60, 'кг', 40.00, '2024-02-20', '2024-07-20'), ('Специи', 100, 'кг', 100.00, '2024-02-25', '2024-12-25'), 
        ('Рыба', 50, 'кг', 150.00, '2024-03-01', '2024-04-01'), ('Креветки', 40, 'кг', 500.00, '2024-03-05', '2024-06-05'), 
        ('Чеснок', 80, 'кг', 20.00, '2024-03-10', '2024-11-10'), ('Лавровый лист', 30, 'кг', 200.00, '2024-03-15', '2024-12-15'), 
        ('Куриные ножки', 70, 'кг', 220.00, '2024-03-20', '2024-05-20'), ('Сметана', 100, 'л', 25.00, '2024-03-25', '2024-07-25'), 
        ('Творог', 80, 'кг', 30.00, '2024-03-30', '2024-08-30'), ('Сыр', 90, 'кг', 200.00, '2024-04-05', '2024-09-05'), 
        ('Кока-Кола', 50, 'л', 50.00, '2024-04-10', '2024-12-10'), ('Пиво', 100, 'л', 60.00, '2024-04-15', '2024-09-15'), 
        ('Вино', 40, 'л', 300.00, '2024-04-20', '2024-10-20'), ('Сок', 80, 'л', 40.00, '2024-04-25', '2024-11-25'), 
        ('Минеральная вода', 150, 'л', 20.00, '2024-05-01', '2024-12-01');

-- Вставка данных в таблицу recipes (рецепты)
INSERT INTO restaurant.recipes (product_id, product_quantity, dish_id) 
VALUES 
        (1, 2, 1), (2, 1, 2), (3, 3, 3), (4, 1, 4), (5, 2, 5), (6, 4, 6), (7, 1, 7), (8, 2, 8), (9, 3, 9), (10, 1, 10), (1, 5, 11), (2, 3, 12), (3, 2, 13), (4, 1, 14), 
        (5, 3, 15), (6, 4, 16), (7, 2, 17), (8, 1, 18), (9, 4, 19), (10, 2, 20), (1, 3, 21), (2, 1, 22), (3, 5, 23), (4, 2, 24), (5, 3, 25), (6, 1, 26), (7, 4, 27), 
        (8, 2, 28), (9, 3, 29), (10, 1, 30);

-- Вставка данных в таблицу positions (должности)
INSERT INTO restaurant.positions (position_name, salary)
VALUES 
        ('Шеф-повар', 60000), ('Официант', 35000), ('Менеджер', 70000), ('Бармен', 40000), 
        ('Су-шеф', 55000), ('Кондитер', 50000), ('Администратор', 45000), ('Кассир', 32000),
        ('Охранник', 30000), ('Курьер', 28000), ('Помощник повара', 25000), ('Уборщик', 20000), 
        ('Маркетолог', 40000), ('Повар', 45000), ('Сотрудник склада', 35000), ('Доставщик', 30000), 
        ('Заведующий складом', 40000), ('Бухгалтер', 55000), ('Кладовщик', 34000), 
        ('Помощник официанта', 30000), ('Промоутер', 28000), ('Официант VIP', 37000), 
        ('Грузчик', 26000), ('Управляющий', 80000), ('Шеф-повар кондитер', 62000), 
        ('Помощник администратора', 33000), ('Техник', 40000), ('Инженер', 45000), 
        ('Закупщик', 50000), ('Водитель', 37000);

-- Вставка данных в таблицу suppliers (поставщики)
INSERT INTO restaurant.suppliers (company_name, chief_name, email, address) 
VALUES 
        ('Поставщик 1', 'Иванов И.И.', 'ivanov@example.com', 'Улица 1, дом 1'), ('Поставщик 2', 'Петров П.П.', 'petrov@example.com', 'Улица 2, дом 2'), 
        ('Поставщик 3', 'Сидоров С.С.', 'sidorov@example.com', 'Улица 3, дом 3'), ('Поставщик 4', 'Кузнецов К.К.', 'kuznetsov@example.com', 'Улица 4, дом 4'), 
        ('Поставщик 5', 'Смирнов С.С.', 'smirnov@example.com', 'Улица 5, дом 5'), ('Поставщик 6', 'Лебедев Л.Л.', 'lebedyev@example.com', 'Улица 6, дом 6'), 
        ('Поставщик 7', 'Николаев Н.Н.', 'nikolaev@example.com', 'Улица 7, дом 7'), ('Поставщик 8', 'Морозов М.М.', 'morozov@example.com', 'Улица 8, дом 8'), 
        ('Поставщик 9', 'Федоров Ф.Ф.', 'fedorov@example.com', 'Улица 9, дом 9'), ('Поставщик 10', 'Ковалев К.К.', 'kovalev@example.com', 'Улица 10, дом 10'), 
        ('Поставщик 11', 'Александров А.А.', 'alexandrov@example.com', 'Улица 11, дом 11'), ('Поставщик 12', 'Зайцев З.З.', 'zaytsev@example.com', 'Улица 12, дом 12'), 
        ('Поставщик 13', 'Соловьев С.С.', 'solovyev@example.com', 'Улица 13, дом 13'), ('Поставщик 14', 'Кириллов К.К.', 'kirillov@example.com', 'Улица 14, дом 14'), 
        ('Поставщик 15', 'Сидорова С.А.', 'sidorova@example.com', 'Улица 15, дом 15'), ('Поставщик 16', 'Григорьев Г.Г.', 'grigoryev@example.com', 'Улица 16, дом 16'), 
        ('Поставщик 17', 'Степанов С.С.', 'stepanov@example.com', 'Улица 17, дом 17'), ('Поставщик 18', 'Климов К.К.', 'klimov@example.com', 'Улица 18, дом 18'), 
        ('Поставщик 19', 'Лисицын Л.Л.', 'lisitsin@example.com', 'Улица 19, дом 19'), ('Поставщик 20', 'Романов Р.Р.', 'romanov@example.com', 'Улица 20, дом 20'), 
        ('Поставщик 21', 'Тихонов Т.Т.', 'tikhonov@example.com', 'Улица 21, дом 21'), ('Поставщик 22', 'Павлов П.П.', 'pavlov@example.com', 'Улица 22, дом 22'), 
        ('Поставщик 23', 'Борисов Б.Б.', 'borisov@example.com', 'Улица 23, дом 23'), ('Поставщик 24', 'Громов Г.Г.', 'gromov@example.com', 'Улица 24, дом 24'), 
        ('Поставщик 25', 'Фролов Ф.Ф.', 'frolov@example.com', 'Улица 25, дом 25'), ('Поставщик 26', 'Киселев К.К.', 'kiselev@example.com', 'Улица 26, дом 26'), 
        ('Поставщик 27', 'Дорофеев Д.Д.', 'dorofeev@example.com', 'Улица 27, дом 27'), ('Поставщик 28', 'Астахов А.А.', 'astakhov@example.com', 'Улица 28, дом 28'), 
        ('Поставщик 29', 'Тимофеев Т.Т.', 'timofeev@example.com', 'Улица 29, дом 29'), ('Поставщик 30', 'Захаров З.З.', 'zakharov@example.com', 'Улица 30, дом 30');

-- Вставка данных в таблицу supplies (поставки)
INSERT INTO restaurant.supplies (supplier_id, transaction_id, date_from, price) 
VALUES 
        (1, 1, '2024-01-01 10:00:00', 5000.00), (2, 2, '2024-01-02 11:00:00', 3000.00), (3, 3, '2024-01-03 12:00:00', 7000.00), (4, 4, '2024-01-04 13:00:00', 2500.00), 
        (5, 5, '2024-01-05 14:00:00', 4000.00), (6, 6, '2024-01-06 15:00:00', 6000.00), (7, 7, '2024-01-07 16:00:00', 3500.00), (8, 8, '2024-01-08 17:00:00', 4500.00), 
        (9, 9, '2024-01-09 18:00:00', 8000.00), (10, 10, '2024-01-10 19:00:00', 5500.00), (11, 11, '2024-01-11 20:00:00', 2800.00), (12, 12, '2024-01-12 21:00:00', 3900.00), 
        (13, 13, '2024-01-13 22:00:00', 4700.00), (14, 14, '2024-01-14 23:00:00', 3200.00), (15, 15, '2024-01-15 10:00:00', 4100.00), (16, 16, '2024-01-16 11:00:00', 5000.00), 
        (17, 17, '2024-01-17 12:00:00', 6400.00), (18, 18, '2024-01-18 13:00:00', 3700.00), (19, 19, '2024-01-19 14:00:00', 2900.00), (20, 20, '2024-01-20 15:00:00', 2300.00), 
        (21, 21, '2024-01-21 16:00:00', 6200.00), (22, 22, '2024-01-22 17:00:00', 4100.00), (23, 23, '2024-01-23 18:00:00', 4700.00), (24, 24, '2024-01-24 19:00:00', 2900.00), 
        (25, 25, '2024-01-25 20:00:00', 3300.00), (26, 26, '2024-01-26 21:00:00', 7200.00), (27, 27, '2024-01-27 22:00:00', 4800.00), (28, 28, '2024-01-28 23:00:00', 5600.00), 
        (29, 29, '2024-01-29 10:00:00', 6000.00), (30, 30, '2024-01-30 11:00:00', 3900.00);

-- Вставка данных в таблицу supply_product (связь поставка-продукт)
INSERT INTO restaurant.supply_product (quantity, product_id, supply_id) 
VALUES 
        (100, 1, 1), (200, 2, 1), (150, 3, 2), (50, 4, 2), (300, 5, 3), (250, 6, 3), (75, 7, 4), (125, 8, 4), (90, 9, 5), (180, 10, 5), (110, 11, 6), (160, 12, 6), 
        (130, 13, 7), (170, 14, 7), (80, 15, 8), (140, 16, 8), (60, 17, 9), (120, 18, 9), (300, 19, 10), (400, 20, 10), (250, 21, 11), (200, 22, 11), (350, 23, 12), 
        (500, 24, 12), (80, 25, 13), (90, 26, 13), (120, 27, 14), (300, 28, 14), (150, 29, 15), (100, 30, 15);

-- Вставка данных в таблицу order_dish (связь заказ-блюдо)
INSERT INTO restaurant.order_dish (dish_id, order_id, dish_quantity, dish_price) 
VALUES 
        (1, 1, 2, 15.00), (2, 1, 3, 20.00), (3, 2, 1, 25.00), (1, 2, 4, 15.00), (4, 3, 5, 30.00), (2, 3, 2, 20.00), (5, 4, 1, 40.00), (3, 4, 3, 25.00),
        (6, 5, 2, 35.00), (1, 5, 4, 15.00), (2, 6, 5, 20.00), (4, 6, 2, 30.00), (5, 7, 1, 40.00), (6, 7, 3, 35.00), (3, 8, 2, 25.00), (1, 8, 5, 15.00),
        (2, 9, 4, 20.00), (4, 9, 1, 30.00), (5, 10, 3, 40.00), (6, 10, 2, 35.00), (1, 11, 1, 15.00), (3, 11, 2, 25.00), (2, 12, 4, 20.00), (5, 12, 2, 40.00),
        (6, 13, 3, 35.00), (1, 13, 4, 15.00), (2, 14, 2, 20.00), (4, 14, 1, 30.00), (5, 15, 3, 40.00), (6, 15, 2, 35.00), (1, 16, 1, 15.00);

-- Вставка данных в таблицу payments (оплата)
INSERT INTO restaurant.payments (employee_id, transaction_id, date_from, bonus) 
VALUES 
        (1, 1, '2024-01-15 10:00:00', 500), (2, 1, '2024-01-15 11:00:00', 300), (3, 2, '2024-01-16 09:30:00', 450), (1, 2, '2024-01-16 12:15:00', 700), 
        (2, 3, '2024-01-17 08:45:00', 350), (3, 3, '2024-01-17 14:30:00', 250), (1, 4, '2024-01-18 10:00:00', 600), (2, 4, '2024-01-18 11:15:00', 400), 
        (3, 5, '2024-01-19 09:00:00', 500), (1, 5, '2024-01-19 10:30:00', 300), (2, 6, '2024-01-20 12:00:00', 700), (3, 6, '2024-01-20 13:45:00', 250), 
        (1, 7, '2024-01-21 08:30:00', 650), (2, 7, '2024-01-21 09:15:00', 450), (3, 8, '2024-01-22 11:00:00', 600), (1, 8, '2024-01-22 12:30:00', 500), 
        (2, 9, '2024-01-23 10:00:00', 300), (3, 9, '2024-01-23 11:15:00', 700), (1, 10, '2024-01-24 08:45:00', 350), (2, 10, '2024-01-24 09:30:00', 400), 
        (3, 11, '2024-01-25 12:00:00', 250), (1, 11, '2024-01-25 13:45:00', 600), (2, 12, '2024-01-26 10:00:00', 700), (3, 12, '2024-01-26 11:30:00', 300), 
        (1, 13, '2024-01-27 08:30:00', 500), (2, 13, '2024-01-27 09:15:00', 450), (3, 14, '2024-01-28 12:00:00', 650), (1, 14, '2024-01-28 14:00:00', 250), 
        (2, 15, '2024-01-29 10:30:00', 400), (3, 15, '2024-01-29 11:45:00', 600), (1, 16, '2024-01-30 09:00:00', 300), (2, 16, '2024-01-30 10:15:00', 350), 
        (3, 17, '2024-01-31 12:30:00', 700), (1, 17, '2024-01-31 14:45:00', 450), (2, 18, '2024-02-01 08:30:00', 600);

-- Вставка данных в таблицу order_employee (связь заказ-сотрудник)
INSERT INTO restaurant.order_employee (employee_id, order_id) 
VALUES 
        (1, 1), (2, 1), (3, 2), (1, 3), (2, 3), (3, 4), (1, 5), (2, 5), (3, 6), (1, 7), (2, 7), (3, 8), (1, 9), (2, 9), (3, 10), (1, 11),
        (2, 11), (3, 12), (1, 13), (2, 13), (3, 14), (1, 15), (2, 15), (3, 16), (1, 17), (2, 17), (3, 18), (1, 19), (2, 19), (3, 20);
